{
  "cross_validation_runs": 10,
  "metrics_distribution": {
    "GBM": {
      "mean_accuracy": 0.9667209166754812,
      "std_dev": 0.010288588954417437,
      "p_value_vs_baseline_0.9": 1.1584167516340543e-08,
      "significant_at_0.05": true
    },
    "CNN": {
      "mean_accuracy": 0.9241868353083517,
      "std_dev": 0.014331279472616067,
      "p_value_vs_baseline_0.9": 0.0006781959215326045,
      "significant_at_0.05": true
    },
    "Autoencoder": {
      "mean_accuracy": 0.9044539108832638,
      "std_dev": 0.01930328129460534,
      "p_value_vs_baseline_0.9": 0.5062761737109522,
      "significant_at_0.05": false
    }
  },
  "ANOVA_across_models": {
    "F_statistic": 39.98015911459881,
    "p_value": 8.489938614114595e-09,
    "significant_difference_found": true
  }
}