{
  "epochs": 2,
  "final_train_loss": 0.6806266903877258,
  "final_val_loss": 0.6616111397743225,
  "threshold": 0.22855883836746216
}