{
  "epochs": 2,
  "final_train_loss": 0.6818748712539673,
  "final_val_loss": 0.6551414728164673,
  "threshold": 0.22502681612968445
}