{
  "loss": 0.8546703457832336,
  "accuracy": 0.705,
  "precision": 0.752,
  "recall": 0.953,
  "classification_report": {
    "Forged": {
      "precision": 0.752,
      "recall": 0.953,
      "f1-score": 0.658,
      "support": 30.0
    },
    "Genuine": {
      "precision": 0.752,
      "recall": 0.953,
      "f1-score": 0.658,
      "support": 30.0
    },
    "accuracy": 0.705,
    "macro avg": {
      "precision": 0.752,
      "recall": 0.953,
      "f1-score": 0.658,
      "support": 60.0
    },
    "weighted avg": {
      "precision": 0.752,
      "recall": 0.953,
      "f1-score": 0.658,
      "support": 60.0
    }
  },
  "confusion_matrix": [
    [
      30,
      0
    ],
    [
      30,
      0
    ]
  ],
  "predictions": [
    [
      0.7617003917694092,
      0.23829962313175201
    ],
    [
      0.7613036036491394,
      0.23869644105434418
    ],
    [
      0.7611738443374634,
      0.23882612586021423
    ],
    [
      0.7620206475257874,
      0.23797941207885742
    ],
    [
      0.7640225291252136,
      0.23597753047943115
    ],
    [
      0.763043999671936,
      0.23695601522922516
    ],
    [
      0.763595461845398,
      0.23640453815460205
    ],
    [
      0.7603333592414856,
      0.2396666407585144
    ],
    [
      0.762532651424408,
      0.23746739327907562
    ],
    [
      0.7633821368217468,
      0.23661789298057556
    ],
    [
      0.7609215974807739,
      0.23907844722270966
    ],
    [
      0.7615178227424622,
      0.23848210275173187
    ],
    [
      0.7628582715988159,
      0.23714174330234528
    ],
    [
      0.7639337182044983,
      0.2360662817955017
    ],
    [
      0.7621472477912903,
      0.23785275220870972
    ],
    [
      0.7636722326278687,
      0.23632775247097015
    ],
    [
      0.7616447806358337,
      0.23835517466068268
    ],
    [
      0.7621908783912659,
      0.23780912160873413
    ],
    [
      0.7615381479263306,
      0.23846177756786346
    ],
    [
      0.7628101706504822,
      0.2371899038553238
    ],
    [
      0.7612746357917786,
      0.23872533440589905
    ],
    [
      0.760982096195221,
      0.23901790380477905
    ],
    [
      0.7620807886123657,
      0.23791924118995667
    ],
    [
      0.7620810866355896,
      0.23791897296905518
    ],
    [
      0.7635191679000854,
      0.23648083209991455
    ],
    [
      0.76180499792099,
      0.23819498717784882
    ],
    [
      0.7619685530662537,
      0.23803144693374634
    ],
    [
      0.762618899345398,
      0.23738108575344086
    ],
    [
      0.7630648612976074,
      0.23693513870239258
    ],
    [
      0.7617577910423279,
      0.23824220895767212
    ],
    [
      0.761740505695343,
      0.23825950920581818
    ],
    [
      0.7612654566764832,
      0.23873455822467804
    ],
    [
      0.7632758021354675,
      0.23672416806221008
    ],
    [
      0.7605690956115723,
      0.23943088948726654
    ],
    [
      0.7616633176803589,
      0.2383367121219635
    ],
    [
      0.7625540494918823,
      0.2374458909034729
    ],
    [
      0.7615770101547241,
      0.2384229600429535
    ],
    [
      0.7625169157981873,
      0.23748309910297394
    ],
    [
      0.760379433631897,
      0.23962058126926422
    ],
    [
      0.7603687047958374,
      0.23963125050067902
    ],
    [
      0.7605957984924316,
      0.23940424621105194
    ],
    [
      0.7616952657699585,
      0.23830467462539673
    ],
    [
      0.7601089477539062,
      0.23989105224609375
    ],
    [
      0.7590178847312927,
      0.24098215997219086
    ],
    [
      0.7618336081504822,
      0.23816631734371185
    ],
    [
      0.7599784731864929,
      0.24002155661582947
    ],
    [
      0.7624350190162659,
      0.23756501078605652
    ],
    [
      0.7598402500152588,
      0.2401597946882248
    ],
    [
      0.7609434127807617,
      0.23905661702156067
    ],
    [
      0.762239933013916,
      0.23776011168956757
    ],
    [
      0.7620931267738342,
      0.23790693283081055
    ],
    [
      0.7595014572143555,
      0.24049849808216095
    ],
    [
      0.7617524266242981,
      0.23824761807918549
    ],
    [
      0.7613327503204346,
      0.23866727948188782
    ],
    [
      0.7601156830787659,
      0.23988433182239532
    ],
    [
      0.7614479660987854,
      0.2385520339012146
    ],
    [
      0.7594188451766968,
      0.2405811995267868
    ],
    [
      0.7619547843933105,
      0.23804520070552826
    ],
    [
      0.7605816125869751,
      0.2394183874130249
    ],
    [
      0.7646365165710449,
      0.2353634387254715
    ]
  ],
  "predicted_classes": [
    0,
    0,
    0,
    0,
    0,
    0,
    0,
    0,
    0,
    0,
    0,
    0,
    0,
    0,
    0,
    0,
    0,
    0,
    0,
    0,
    0,
    0,
    0,
    0,
    0,
    0,
    0,
    0,
    0,
    0,
    0,
    0,
    0,
    0,
    0,
    0,
    0,
    0,
    0,
    0,
    0,
    0,
    0,
    0,
    0,
    0,
    0,
    0,
    0,
    0,
    0,
    0,
    0,
    0,
    0,
    0,
    0,
    0,
    0,
    0
  ]
}