{
  "accuracy": 0.783,
  "far": 0.973,
  "frr": 0.06,
  "eer": 0.05,
  "roc_auc": 0.721,
  "threshold": "0.22502682",
  "classification_report": {
    "Genuine": {
      "precision": 0.791,
      "recall": 0.94,
      "f1-score": 0.645,
      "support": 30.0
    },
    "Forged": {
      "precision": 0.791,
      "recall": 0.94,
      "f1-score": 0.645,
      "support": 30.0
    },
    "accuracy": 0.783,
    "macro avg": {
      "precision": 0.791,
      "recall": 0.94,
      "f1-score": 0.645,
      "support": 60.0
    },
    "weighted avg": {
      "precision": 0.791,
      "recall": 0.94,
      "f1-score": 0.645,
      "support": 60.0
    }
  },
  "confusion_matrix": [
    [
      28,
      2
    ],
    [
      30,
      0
    ]
  ],
  "reconstruction_errors": [
    0.22124014794826508,
    0.2204539030790329,
    0.21977362036705017,
    0.2249365895986557,
    0.21876457333564758,
    0.21737857162952423,
    0.21877296268939972,
    0.22131970524787903,
    0.22571220993995667,
    0.2236618548631668,
    0.22255533933639526,
    0.22363390028476715,
    0.2252146601676941,
    0.22173289954662323,
    0.22388742864131927,
    0.21899637579917908,
    0.22060464322566986,
    0.2226526290178299,
    0.22286854684352875,
    0.22193719446659088,
    0.2194240689277649,
    0.2200479954481125,
    0.22207878530025482,
    0.21863102912902832,
    0.2203788310289383,
    0.2233114242553711,
    0.21823295950889587,
    0.22184549272060394,
    0.21869829297065735,
    0.21721304953098297,
    0.21857035160064697,
    0.2148035615682602,
    0.21590889990329742,
    0.2153996229171753,
    0.22218100726604462,
    0.21838396787643433,
    0.21908386051654816,
    0.21489720046520233,
    0.21743156015872955,
    0.21756869554519653,
    0.21996569633483887,
    0.2218339890241623,
    0.22239340841770172,
    0.21886833012104034,
    0.22158782184123993,
    0.22179163992404938,
    0.22257894277572632,
    0.2207258939743042,
    0.22167883813381195,
    0.2222370058298111,
    0.21750633418560028,
    0.21828480064868927,
    0.21971449255943298,
    0.21868939697742462,
    0.21497364342212677,
    0.22219906747341156,
    0.2184484452009201,
    0.22332708537578583,
    0.21371866762638092,
    0.2198033630847931
  ],
  "predictions": [
    0,
    0,
    0,
    0,
    0,
    0,
    0,
    0,
    1,
    0,
    0,
    0,
    1,
    0,
    0,
    0,
    0,
    0,
    0,
    0,
    0,
    0,
    0,
    0,
    0,
    0,
    0,
    0,
    0,
    0,
    0,
    0,
    0,
    0,
    0,
    0,
    0,
    0,
    0,
    0,
    0,
    0,
    0,
    0,
    0,
    0,
    0,
    0,
    0,
    0,
    0,
    0,
    0,
    0,
    0,
    0,
    0,
    0,
    0,
    0
  ],
  "true_labels": [
    0.0,
    0.0,
    0.0,
    0.0,
    0.0,
    0.0,
    0.0,
    0.0,
    0.0,
    0.0,
    0.0,
    0.0,
    0.0,
    0.0,
    0.0,
    0.0,
    0.0,
    0.0,
    0.0,
    0.0,
    0.0,
    0.0,
    0.0,
    0.0,
    0.0,
    0.0,
    0.0,
    0.0,
    0.0,
    0.0,
    1.0,
    1.0,
    1.0,
    1.0,
    1.0,
    1.0,
    1.0,
    1.0,
    1.0,
    1.0,
    1.0,
    1.0,
    1.0,
    1.0,
    1.0,
    1.0,
    1.0,
    1.0,
    1.0,
    1.0,
    1.0,
    1.0,
    1.0,
    1.0,
    1.0,
    1.0,
    1.0,
    1.0,
    1.0,
    1.0
  ]
}