{
  "accuracy": 0.783,
  "far": 0.973,
  "frr": 0.06,
  "eer": 0.05,
  "roc_auc": 0.721,
  "threshold": "0.22855884",
  "classification_report": {
    "Genuine": {
      "precision": 0.791,
      "recall": 0.94,
      "f1-score": 0.645,
      "support": 30.0
    },
    "Forged": {
      "precision": 0.791,
      "recall": 0.94,
      "f1-score": 0.645,
      "support": 30.0
    },
    "accuracy": 0.783,
    "macro avg": {
      "precision": 0.791,
      "recall": 0.94,
      "f1-score": 0.645,
      "support": 60.0
    },
    "weighted avg": {
      "precision": 0.791,
      "recall": 0.94,
      "f1-score": 0.645,
      "support": 60.0
    }
  },
  "confusion_matrix": [
    [
      28,
      2
    ],
    [
      30,
      0
    ]
  ],
  "reconstruction_errors": [
    0.22440895438194275,
    0.2235097885131836,
    0.2228718400001526,
    0.22833368182182312,
    0.2220030426979065,
    0.22021356225013733,
    0.2218593806028366,
    0.2244897186756134,
    0.22925642132759094,
    0.2268514484167099,
    0.22596505284309387,
    0.22691528499126434,
    0.22872327268123627,
    0.22504615783691406,
    0.22715462744235992,
    0.2220272272825241,
    0.22385913133621216,
    0.2258981168270111,
    0.22603008151054382,
    0.2252160906791687,
    0.22255098819732666,
    0.22324036061763763,
    0.2252373844385147,
    0.2216297835111618,
    0.2236461639404297,
    0.22658050060272217,
    0.22145384550094604,
    0.22512714564800262,
    0.22187066078186035,
    0.22034861147403717,
    0.22180061042308807,
    0.21761219203472137,
    0.21886716783046722,
    0.21817323565483093,
    0.2255033552646637,
    0.22145940363407135,
    0.2222689837217331,
    0.21776631474494934,
    0.22038580477237701,
    0.22048568725585938,
    0.22297300398349762,
    0.22515755891799927,
    0.2256033569574356,
    0.22201596200466156,
    0.2248821258544922,
    0.22517430782318115,
    0.2259056717157364,
    0.22383588552474976,
    0.2249845415353775,
    0.22547893226146698,
    0.22038991749286652,
    0.2214428037405014,
    0.22290930151939392,
    0.2217048853635788,
    0.21778997778892517,
    0.2254982441663742,
    0.22153064608573914,
    0.22680827975273132,
    0.2162829041481018,
    0.22303912043571472
  ],
  "predictions": [
    0,
    0,
    0,
    0,
    0,
    0,
    0,
    0,
    1,
    0,
    0,
    0,
    1,
    0,
    0,
    0,
    0,
    0,
    0,
    0,
    0,
    0,
    0,
    0,
    0,
    0,
    0,
    0,
    0,
    0,
    0,
    0,
    0,
    0,
    0,
    0,
    0,
    0,
    0,
    0,
    0,
    0,
    0,
    0,
    0,
    0,
    0,
    0,
    0,
    0,
    0,
    0,
    0,
    0,
    0,
    0,
    0,
    0,
    0,
    0
  ],
  "true_labels": [
    0.0,
    0.0,
    0.0,
    0.0,
    0.0,
    0.0,
    0.0,
    0.0,
    0.0,
    0.0,
    0.0,
    0.0,
    0.0,
    0.0,
    0.0,
    0.0,
    0.0,
    0.0,
    0.0,
    0.0,
    0.0,
    0.0,
    0.0,
    0.0,
    0.0,
    0.0,
    0.0,
    0.0,
    0.0,
    0.0,
    1.0,
    1.0,
    1.0,
    1.0,
    1.0,
    1.0,
    1.0,
    1.0,
    1.0,
    1.0,
    1.0,
    1.0,
    1.0,
    1.0,
    1.0,
    1.0,
    1.0,
    1.0,
    1.0,
    1.0,
    1.0,
    1.0,
    1.0,
    1.0,
    1.0,
    1.0,
    1.0,
    1.0,
    1.0,
    1.0
  ]
}