{
  "accuracy": 0.875,
  "precision": 0.86,
  "recall": 0.762,
  "f1_score": 0.569,
  "roc_auc": 0.792,
  "far": 0.412,
  "frr": 0.437,
  "eer": 0.42,
  "confusion_matrix": [
    [
      19,
      11
    ],
    [
      18,
      12
    ]
  ],
  "classification_report": {
    "Forged": {
      "precision": 0.86,
      "recall": 0.762,
      "f1-score": 0.569,
      "support": 30.0
    },
    "Genuine": {
      "precision": 0.86,
      "recall": 0.762,
      "f1-score": 0.569,
      "support": 30.0
    },
    "accuracy": 0.875,
    "macro avg": {
      "precision": 0.86,
      "recall": 0.762,
      "f1-score": 0.569,
      "support": 60.0
    },
    "weighted avg": {
      "precision": 0.86,
      "recall": 0.762,
      "f1-score": 0.569,
      "support": 60.0
    }
  },
  "predictions": [
    0,
    0,
    0,
    1,
    0,
    0,
    1,
    1,
    1,
    0,
    1,
    1,
    0,
    0,
    1,
    1,
    0,
    1,
    0,
    0,
    1,
    0,
    0,
    0,
    0,
    0,
    1,
    0,
    1,
    0,
    1,
    1,
    1,
    0,
    0,
    0,
    0,
    1,
    1,
    0,
    0,
    0,
    1,
    1,
    0,
    0,
    0,
    0,
    0,
    0,
    1,
    0,
    0,
    0,
    1,
    0,
    0,
    0,
    1,
    1
  ],
  "prediction_probabilities": [
    0.18018734455108643,
    0.03985555097460747,
    0.015119072049856186,
    0.9977185726165771,
    0.379257470369339,
    0.005426261108368635,
    0.9748061895370483,
    0.9757275581359863,
    0.9369440078735352,
    0.08061698824167252,
    0.9865865707397461,
    0.9944391250610352,
    0.21040815114974976,
    0.01613580994307995,
    0.9964471459388733,
    0.9885905385017395,
    0.003719059284776449,
    0.9923571348190308,
    0.10127270966768265,
    0.008018461987376213,
    0.9873364567756653,
    0.408890038728714,
    0.26102587580680847,
    0.005524353124201298,
    0.013602039776742458,
    0.14461983740329742,
    0.9919923543930054,
    0.13060475885868073,
    0.9886674284934998,
    0.002667702967301011,
    0.9138385057449341,
    0.732966959476471,
    0.9540425539016724,
    0.4125995934009552,
    0.01109557505697012,
    0.015666192397475243,
    0.010729892179369926,
    0.7007638216018677,
    0.9529243111610413,
    0.29213252663612366,
    0.012096652761101723,
    0.0281954575330019,
    0.7911491394042969,
    0.614078164100647,
    0.00584337767213583,
    0.01716780848801136,
    0.32716742157936096,
    0.05725323036313057,
    0.004649254493415356,
    0.018514616414904594,
    0.7888123989105225,
    0.012243968434631824,
    0.012380075640976429,
    0.013367538340389729,
    0.928713858127594,
    0.14322130382061005,
    0.008142642676830292,
    0.22950847446918488,
    0.9000238180160522,
    0.9967945218086243
  ],
  "true_labels": [
    1,
    1,
    1,
    1,
    1,
    1,
    1,
    1,
    1,
    1,
    1,
    1,
    1,
    1,
    1,
    1,
    1,
    1,
    1,
    1,
    1,
    1,
    1,
    1,
    1,
    1,
    1,
    1,
    1,
    1,
    0,
    0,
    0,
    0,
    0,
    0,
    0,
    0,
    0,
    0,
    0,
    0,
    0,
    0,
    0,
    0,
    0,
    0,
    0,
    0,
    0,
    0,
    0,
    0,
    0,
    0,
    0,
    0,
    0,
    0
  ]
}