{
    "stratified_k_fold": {
        "accuracy": [
            0.5275,
            0.5275,
            0.5275,
            0.5275,
            0.5275
        ],
        "precision": [
            0.7142857142857143,
            0.7142857142857143,
            0.7142857142857143,
            0.7142857142857143,
            0.7142857142857143
        ],
        "recall": [
            0.12254901960784313,
            0.12254901960784313,
            0.12254901960784313,
            0.12254901960784313,
            0.12254901960784313
        ],
        "f1_score": [
            0.20920502092050208,
            0.20920502092050208,
            0.20920502092050208,
            0.20920502092050208,
            0.20920502092050208
        ],
        "roc_auc": [
            0.5470188075230092,
            0.5470188075230092,
            0.5470188075230092,
            0.5470188075230092,
            0.5470188075230092
        ],
        "false_positive_rate": [
            0.8774509803921569,
            0.8774509803921569,
            0.8774509803921569,
            0.8774509803921569,
            0.8774509803921569
        ],
        "false_negative_rate": [
            0.05102040816326531,
            0.05102040816326531,
            0.05102040816326531,
            0.05102040816326531,
            0.05102040816326531
        ]
    }
}