{
    "session_info": {
        "session_id": "20260201_030759",
        "timestamp": "2026-02-01T03:13:55.014777",
        "results_directory": "C:\\Users\\priya\\OneDrive\\Desktop\\MYCT_TASK\\results\\comprehensive_results_20260201_030759"
    },
    "reproducibility_score": 1.0,
    "components_trained": [
        "Autoencoder",
        "cross_validation",
        "trust_scores"
    ],
    "files_generated": {
        "cross_validation": 1,
        "logs": 1,
        "models": 1,
        "parameters": 2,
        "raw_data": 0,
        "reports": 1,
        "trust_scores": 1,
        "visualizations": 2
    },
    "summary_statistics": {
        "cv_accuracy_mean": 0.5275,
        "cv_accuracy_std": 0.0,
        "cv_accuracy_min": 0.5275,
        "cv_accuracy_max": 0.5275,
        "cv_precision_mean": 0.7142857142857143,
        "cv_precision_std": 0.0,
        "cv_precision_min": 0.7142857142857143,
        "cv_precision_max": 0.7142857142857143,
        "cv_recall_mean": 0.12254901960784312,
        "cv_recall_std": 1.3877787807814457e-17,
        "cv_recall_min": 0.12254901960784313,
        "cv_recall_max": 0.12254901960784313,
        "cv_f1_score_mean": 0.20920502092050208,
        "cv_f1_score_std": 0.0,
        "cv_f1_score_min": 0.20920502092050208,
        "cv_f1_score_max": 0.20920502092050208,
        "cv_roc_auc_mean": 0.5470188075230092,
        "cv_roc_auc_std": 0.0,
        "cv_roc_auc_min": 0.5470188075230092,
        "cv_roc_auc_max": 0.5470188075230092,
        "cv_false_positive_rate_mean": 0.8774509803921567,
        "cv_false_positive_rate_std": 1.1102230246251565e-16,
        "cv_false_positive_rate_min": 0.8774509803921569,
        "cv_false_positive_rate_max": 0.8774509803921569,
        "cv_false_negative_rate_mean": 0.05102040816326531,
        "cv_false_negative_rate_std": 0.0,
        "cv_false_negative_rate_min": 0.05102040816326531,
        "cv_false_negative_rate_max": 0.05102040816326531
    },
    "detailed_results": {
        "Autoencoder": {
            "training_history": {
                "loss": [
                    0.748071014881134,
                    0.695604681968689,
                    0.6942583322525024,
                    0.6938329339027405,
                    0.6936408877372742,
                    0.6935322284698486,
                    0.6934641003608704,
                    0.6934163570404053,
                    0.6933809518814087,
                    0.693353533744812,
                    0.6933296322822571,
                    0.6933218836784363,
                    0.6933203935623169,
                    0.6933192014694214,
                    0.6933181285858154,
                    0.6933171153068542,
                    0.6933161020278931
                ],
                "mae": [
                    0.270024836063385,
                    0.25119268894195557,
                    0.25052788853645325,
                    0.2503158450126648,
                    0.25022172927856445,
                    0.25016775727272034,
                    0.2501331567764282,
                    0.250108540058136,
                    0.25009047985076904,
                    0.2500762343406677,
                    0.25006264448165894,
                    0.25005853176116943,
                    0.2500576972961426,
                    0.2500571012496948,
                    0.25005650520324707,
                    0.25005602836608887,
                    0.2500554621219635
                ],
                "mse": [
                    0.10336486995220184,
                    0.08454860001802444,
                    0.0838855728507042,
                    0.08367450535297394,
                    0.08357897400856018,
                    0.08352487534284592,
                    0.08349092304706573,
                    0.08346713334321976,
                    0.08344946056604385,
                    0.08343576639890671,
                    0.08342383801937103,
                    0.08341995626688004,
                    0.08341919630765915,
                    0.0834186002612114,
                    0.08341805636882782,
                    0.08341757208108902,
                    0.08341704308986664
                ],
                "val_loss": [
                    0.6940638422966003,
                    0.6938071250915527,
                    0.6938242316246033,
                    0.6938247084617615,
                    0.693827748298645,
                    0.693830132484436,
                    0.693836510181427,
                    0.6938498616218567,
                    0.6938605308532715,
                    0.693884015083313,
                    0.6939244270324707,
                    0.6939720511436462,
                    0.6940275430679321,
                    0.6940862536430359,
                    0.6941484212875366,
                    0.6942189931869507,
                    0.6942932605743408
                ],
                "val_mae": [
                    0.25036120414733887,
                    0.25022679567337036,
                    0.2502354681491852,
                    0.2502393424510956,
                    0.25024276971817017,
                    0.25024548172950745,
                    0.25024914741516113,
                    0.25025561451911926,
                    0.250260591506958,
                    0.2502725124359131,
                    0.2502930164337158,
                    0.25031721591949463,
                    0.2503449022769928,
                    0.2503739893436432,
                    0.2504050135612488,
                    0.2504403591156006,
                    0.2504776120185852
                ],
                "val_mse": [
                    0.08373109996318817,
                    0.08360449224710464,
                    0.0836135596036911,
                    0.08361383527517319,
                    0.0836152732372284,
                    0.08361654728651047,
                    0.08361969143152237,
                    0.08362632989883423,
                    0.0836317166686058,
                    0.08364347368478775,
                    0.08366361260414124,
                    0.08368727564811707,
                    0.08371488749980927,
                    0.08374402672052383,
                    0.08377489447593689,
                    0.08380991965532303,
                    0.08384674787521362
                ],
                "learning_rate": [
                    0.0010000000474974513,
                    0.0010000000474974513,
                    0.0010000000474974513,
                    0.0010000000474974513,
                    0.0010000000474974513,
                    0.0010000000474974513,
                    0.0010000000474974513,
                    0.0010000000474974513,
                    0.0010000000474974513,
                    0.00020000000949949026,
                    4.0000002627493814e-05,
                    4.0000002627493814e-05,
                    4.0000002627493814e-05,
                    4.0000002627493814e-05,
                    4.0000002627493814e-05,
                    4.0000002627493814e-05,
                    4.0000002627493814e-05
                ]
            },
            "parameters": {
                "learning_rate": 0.001,
                "batch_size": 32,
                "epochs": 25,
                "optimizer": "adam",
                "loss_function": "binary_crossentropy",
                "latent_dim": 128,
                "early_stopping_patience": 15,
                "lr_reduction_factor": 0.2,
                "lr_reduction_patience": 8,
                "min_learning_rate": 1e-05
            },
            "visualization_path": "C:\\Users\\priya\\OneDrive\\Desktop\\MYCT_TASK\\results\\comprehensive_results_20260201_030759\\visualizations\\autoencoder_training_curves.png",
            "timestamp": "2026-02-01T03:13:36.088561"
        },